id	1	2	5	6	7	8	9	10	14	15
7985	55.0	87.0	44.0	44.0	59.0	41.0	53.0	62.0	37.0	27.0
22529	115.0	62.0	85.0	57.0	70.0	71.0	47.0	54.0	47.0	47.0
25750	85.0	82.0	68.0	96.0	86.0	48.0	50.0	58.0	34.0	32.0
25750	85.0	82.0	68.0	96.0	86.0	48.0	50.0	58.0	34.0	32.0
34519	74.0	59.0	50.0	62.0	97.0	43.0	33.0	62.0	36.0	34.0
34772	217.0	206.0	136.0	149.0	194.0	93.0	179.0	194.0	87.0	88.0
34772	217.0	206.0	136.0	149.0	194.0	93.0	179.0	194.0	87.0	88.0
34772	217.0	206.0	136.0	149.0	194.0	93.0	179.0	194.0	87.0	88.0
34772	217.0	206.0	136.0	149.0	194.0	93.0	179.0	194.0	87.0	88.0
34772	217.0	206.0	136.0	149.0	194.0	93.0	179.0	194.0	87.0	88.0
34772	217.0	206.0	136.0	149.0	194.0	93.0	179.0	194.0	87.0	88.0
38796	123.0	157.0	114.0	99.0	174.0	81.0	44.0	42.0	40.0	29.0
40384	621.0	493.0	340.0	522.0	676.0	378.0	78.0	91.0	38.0	38.0
48230	45.0	57.0	46.0	37.0	67.0	45.0	96.0	36.0	43.0	33.0
52747	256.0	448.0	282.0	259.0	376.0	299.0	393.0	419.0	308.0	311.0
77474	42.0	41.0	63.0	47.0	43.0	48.0	45.0	48.0	46.0	32.0
77474	42.0	41.0	63.0	47.0	43.0	48.0	45.0	48.0	46.0	32.0
77474	42.0	41.0	63.0	47.0	43.0	48.0	45.0	48.0	46.0	32.0
79039	96.0	100.0	68.0	67.0	184.0	107.0	68.0	49.0	77.0	64.0
90807	1855.0	2507.0	1621.0	2016.0	2985.0	2036.0	1285.0	1358.0	1030.0	1110.0
102956	2724.0	3220.0	2254.0	2678.0	3398.0	2470.0	1889.0	1031.0	1240.0	1354.0
103696	74.0	84.0	80.0	108.0	107.0	71.0	103.0	103.0	87.0	61.0
103696	74.0	84.0	80.0	108.0	107.0	71.0	103.0	103.0	87.0	61.0
103696	74.0	84.0	80.0	108.0	107.0	71.0	103.0	103.0	87.0	61.0
103696	74.0	84.0	80.0	108.0	107.0	71.0	103.0	103.0	87.0	61.0
103696	74.0	84.0	80.0	108.0	107.0	71.0	103.0	103.0	87.0	61.0
103696	74.0	84.0	80.0	108.0	107.0	71.0	103.0	103.0	87.0	61.0
107667	49.0	50.0	54.0	37.0	63.0	40.0	57.0	43.0	47.0	35.0
108326	136.0	165.0	192.0	91.0	218.0	98.0	145.0	216.0	96.0	98.0
108471	1177.0	1927.0	629.0	1022.0	1689.0	1335.0	1006.0	970.0	1100.0	1135.0
110599	35.0	33.0	31.0	40.0	33.0	34.0	32.0	33.0	43.0	34.0
111362	115.0	111.0	64.0	64.0	167.0	106.0	54.0	39.0	56.0	56.0
111647	29.0	30.0	32.0	39.0	51.0	30.0	33.0	34.0	41.0	38.0
111647	29.0	30.0	32.0	39.0	51.0	30.0	33.0	34.0	41.0	38.0
137557	49.0	36.0	50.0	44.0	73.0	47.0	39.0	54.0	47.0	35.0
139785	91.0	158.0	154.0	82.0	127.0	111.0	67.0	89.0	97.0	82.0
139785	91.0	158.0	154.0	82.0	127.0	111.0	67.0	89.0	97.0	82.0
139785	91.0	158.0	154.0	82.0	127.0	111.0	67.0	89.0	97.0	82.0
139785	91.0	158.0	154.0	82.0	127.0	111.0	67.0	89.0	97.0	82.0
139785	91.0	158.0	154.0	82.0	127.0	111.0	67.0	89.0	97.0	82.0
139785	91.0	158.0	154.0	82.0	127.0	111.0	67.0	89.0	97.0	82.0
139785	91.0	158.0	154.0	82.0	127.0	111.0	67.0	89.0	97.0	82.0
139785	91.0	158.0	154.0	82.0	127.0	111.0	67.0	89.0	97.0	82.0
139785	91.0	158.0	154.0	82.0	127.0	111.0	67.0	89.0	97.0	82.0
139785	91.0	158.0	154.0	82.0	127.0	111.0	67.0	89.0	97.0	82.0
139785	91.0	158.0	154.0	82.0	127.0	111.0	67.0	89.0	97.0	82.0
139785	91.0	158.0	154.0	82.0	127.0	111.0	67.0	89.0	97.0	82.0
139785	91.0	158.0	154.0	82.0	127.0	111.0	67.0	89.0	97.0	82.0
139785	91.0	158.0	154.0	82.0	127.0	111.0	67.0	89.0	97.0	82.0
139785	91.0	158.0	154.0	82.0	127.0	111.0	67.0	89.0	97.0	82.0
139785	91.0	158.0	154.0	82.0	127.0	111.0	67.0	89.0	97.0	82.0
139785	91.0	158.0	154.0	82.0	127.0	111.0	67.0	89.0	97.0	82.0
160847	67.0	79.0	66.0	73.0	54.0	87.0	73.0	43.0	65.0	51.0
160847	67.0	79.0	66.0	73.0	54.0	87.0	73.0	43.0	65.0	51.0
160847	67.0	79.0	66.0	73.0	54.0	87.0	73.0	43.0	65.0	51.0
160847	67.0	79.0	66.0	73.0	54.0	87.0	73.0	43.0	65.0	51.0
160847	67.0	79.0	66.0	73.0	54.0	87.0	73.0	43.0	65.0	51.0
160847	67.0	79.0	66.0	73.0	54.0	87.0	73.0	43.0	65.0	51.0
174226	31.0	29.0	31.0	29.0	33.0	31.0	31.0	30.0	41.0	28.0
176211	30.0	43.0	31.0	35.0	56.0	36.0	39.0	55.0	41.0	29.0
180493	38.0	42.0	47.0	37.0	47.0	39.0	49.0	36.0	52.0	63.0
186463	189.0	253.0	183.0	118.0	272.0	213.0	139.0	180.0	154.0	163.0
186463	189.0	253.0	183.0	118.0	272.0	213.0	139.0	180.0	154.0	163.0
186463	189.0	253.0	183.0	118.0	272.0	213.0	139.0	180.0	154.0	163.0
186463	189.0	253.0	183.0	118.0	272.0	213.0	139.0	180.0	154.0	163.0
186463	189.0	253.0	183.0	118.0	272.0	213.0	139.0	180.0	154.0	163.0
186463	189.0	253.0	183.0	118.0	272.0	213.0	139.0	180.0	154.0	163.0
186463	189.0	253.0	183.0	118.0	272.0	213.0	139.0	180.0	154.0	163.0
186463	189.0	253.0	183.0	118.0	272.0	213.0	139.0	180.0	154.0	163.0
186463	189.0	253.0	183.0	118.0	272.0	213.0	139.0	180.0	154.0	163.0
186463	189.0	253.0	183.0	118.0	272.0	213.0	139.0	180.0	154.0	163.0
186463	189.0	253.0	183.0	118.0	272.0	213.0	139.0	180.0	154.0	163.0
186463	189.0	253.0	183.0	118.0	272.0	213.0	139.0	180.0	154.0	163.0
186463	189.0	253.0	183.0	118.0	272.0	213.0	139.0	180.0	154.0	163.0
186463	189.0	253.0	183.0	118.0	272.0	213.0	139.0	180.0	154.0	163.0
186463	189.0	253.0	183.0	118.0	272.0	213.0	139.0	180.0	154.0	163.0
186463	189.0	253.0	183.0	118.0	272.0	213.0	139.0	180.0	154.0	163.0
186463	189.0	253.0	183.0	118.0	272.0	213.0	139.0	180.0	154.0	163.0
186463	189.0	253.0	183.0	118.0	272.0	213.0	139.0	180.0	154.0	163.0
186463	189.0	253.0	183.0	118.0	272.0	213.0	139.0	180.0	154.0	163.0
189068	882.0	1686.0	1015.0	1145.0	1672.0	839.0	855.0	934.0	531.0	506.0
199042	366.0	464.0	317.0	339.0	497.0	291.0	359.0	365.0	376.0	333.0
201261	29.0	53.0	61.0	39.0	57.0	33.0	43.0	54.0	39.0	37.0
213807	127.0	182.0	109.0	66.0	143.0	142.0	200.0	166.0	81.0	69.0
240008	157.0	195.0	150.0	164.0	236.0	115.0	173.0	230.0	124.0	130.0
240008	157.0	195.0	150.0	164.0	236.0	115.0	173.0	230.0	124.0	130.0
240008	157.0	195.0	150.0	164.0	236.0	115.0	173.0	230.0	124.0	130.0
240008	157.0	195.0	150.0	164.0	236.0	115.0	173.0	230.0	124.0	130.0
240008	157.0	195.0	150.0	164.0	236.0	115.0	173.0	230.0	124.0	130.0
240008	157.0	195.0	150.0	164.0	236.0	115.0	173.0	230.0	124.0	130.0
250721	30.0	29.0	28.0	32.0	32.0	27.0	30.0	31.0	33.0	30.0
257366	623.0	712.0	770.0	610.0	682.0	440.0	645.0	409.0	452.0	418.0
263173	30.0	29.0	42.0	28.0	30.0	28.0	42.0	28.0	35.0	31.0
271822	106.0	205.0	105.0	91.0	115.0	105.0	152.0	75.0	80.0	73.0
271822	106.0	205.0	105.0	91.0	115.0	105.0	152.0	75.0	80.0	73.0
271822	106.0	205.0	105.0	91.0	115.0	105.0	152.0	75.0	80.0	73.0
271822	106.0	205.0	105.0	91.0	115.0	105.0	152.0	75.0	80.0	73.0
271822	106.0	205.0	105.0	91.0	115.0	105.0	152.0	75.0	80.0	73.0
299256	2564.0	2229.0	1662.0	2171.0	2751.0	2024.0	1896.0	924.0	581.0	539.0
306937	33.0	33.0	36.0	34.0	41.0	32.0	36.0	31.0	49.0	41.0
314518	411.0	499.0	381.0	428.0	539.0	418.0	367.0	282.0	478.0	481.0
314518	411.0	499.0	381.0	428.0	539.0	418.0	367.0	282.0	478.0	481.0
319485	50.0	44.0	35.0	49.0	34.0	43.0	41.0	44.0	39.0	33.0
335841	159.0	209.0	115.0	99.0	103.0	63.0	127.0	120.0	115.0	114.0
342194	797.0	1078.0	695.0	751.0	1329.0	809.0	472.0	194.0	254.0	238.0
342270	264.0	330.0	89.0	147.0	414.0	199.0	213.0	139.0	77.0	69.0
354561	93.0	120.0	126.0	93.0	99.0	70.0	114.0	83.0	77.0	71.0
388773	97.0	162.0	88.0	77.0	93.0	57.0	66.0	50.0	47.0	54.0
388773	97.0	162.0	88.0	77.0	93.0	57.0	66.0	50.0	47.0	54.0
391179	76.0	55.0	78.0	90.0	128.0	86.0	34.0	62.0	64.0	44.0
396933	129.0	170.0	142.0	156.0	223.0	81.0	185.0	105.0	69.0	71.0
396933	129.0	170.0	142.0	156.0	223.0	81.0	185.0	105.0	69.0	71.0
396933	129.0	170.0	142.0	156.0	223.0	81.0	185.0	105.0	69.0	71.0
396933	129.0	170.0	142.0	156.0	223.0	81.0	185.0	105.0	69.0	71.0
396933	129.0	170.0	142.0	156.0	223.0	81.0	185.0	105.0	69.0	71.0
396933	129.0	170.0	142.0	156.0	223.0	81.0	185.0	105.0	69.0	71.0
399880	170.0	295.0	215.0	198.0	228.0	240.0	158.0	180.0	166.0	156.0
399880	170.0	295.0	215.0	198.0	228.0	240.0	158.0	180.0	166.0	156.0
403426	332.0	342.0	385.0	483.0	532.0	399.0	382.0	337.0	483.0	457.0
409037	33.0	32.0	32.0	34.0	36.0	35.0	41.0	31.0	39.0	30.0
419310	49.0	94.0	95.0	41.0	100.0	32.0	81.0	61.0	48.0	47.0
424630	170.0	219.0	162.0	143.0	71.0	89.0	66.0	48.0	67.0	59.0
437980	1586.0	2067.0	1474.0	1651.0	1780.0	1382.0	1668.0	1418.0	1760.0	1750.0
452008	38.0	43.0	33.0	38.0	36.0	27.0	32.0	36.0	39.0	41.0
452997	3277.0	3609.0	2680.0	2906.0	3636.0	2792.0	2503.0	1623.0	3534.0	3384.0
466331	110.0	149.0	74.0	103.0	139.0	73.0	80.0	77.0	69.0	78.0
471866	58.0	38.0	47.0	33.0	48.0	30.0	44.0	45.0	43.0	31.0
471866	58.0	38.0	47.0	33.0	48.0	30.0	44.0	45.0	43.0	31.0
471866	58.0	38.0	47.0	33.0	48.0	30.0	44.0	45.0	43.0	31.0
492829	1483.0	1485.0	1157.0	1251.0	1447.0	1144.0	714.0	648.0	1275.0	1174.0
500608	69.0	85.0	64.0	40.0	96.0	53.0	96.0	72.0	36.0	36.0
507462	1896.0	2361.0	914.0	1184.0	2323.0	1790.0	1714.0	1063.0	1525.0	1528.0
509124	181.0	156.0	143.0	191.0	184.0	87.0	89.0	90.0	111.0	98.0
534853	53.0	65.0	46.0	177.0	73.0	43.0	28.0	50.0	36.0	32.0
538004	36.0	66.0	46.0	65.0	65.0	42.0	69.0	36.0	60.0	50.0
568852	30.0	34.0	36.0	32.0	36.0	29.0	31.0	47.0	31.0	29.0
570830	60.0	31.0	37.0	32.0	36.0	28.0	31.0	30.0	38.0	32.0
576484	366.0	357.0	306.0	401.0	502.0	320.0	260.0	87.0	95.0	112.0
608060	102.0	148.0	91.0	102.0	116.0	67.0	93.0	73.0	41.0	37.0
610447	560.0	644.0	395.0	551.0	595.0	467.0	371.0	294.0	471.0	442.0
613303	68.0	70.0	52.0	42.0	51.0	39.0	36.0	47.0	50.0	42.0
613322	215.0	233.0	212.0	189.0	177.0	120.0	134.0	100.0	152.0	136.0
613322	215.0	233.0	212.0	189.0	177.0	120.0	134.0	100.0	152.0	136.0
613322	215.0	233.0	212.0	189.0	177.0	120.0	134.0	100.0	152.0	136.0
621489	65.0	102.0	49.0	100.0	137.0	67.0	80.0	50.0	67.0	61.0
633370	264.0	385.0	325.0	311.0	484.0	321.0	321.0	288.0	331.0	338.0
639808	38.0	58.0	52.0	47.0	93.0	57.0	32.0	38.0	34.0	44.0
640848	30.0	50.0	32.0	39.0	54.0	50.0	33.0	43.0	37.0	38.0
655421	35.0	41.0	33.0	31.0	40.0	34.0	30.0	33.0	44.0	33.0
655766	57.0	99.0	76.0	63.0	106.0	49.0	74.0	58.0	90.0	78.0
663100	29.0	32.0	31.0	28.0	29.0	23.0	27.0	36.0	40.0	29.0
663969	37.0	50.0	37.0	30.0	42.0	31.0	35.0	35.0	55.0	41.0
683611	39.0	53.0	51.0	60.0	74.0	67.0	56.0	45.0	42.0	34.0
683611	39.0	53.0	51.0	60.0	74.0	67.0	56.0	45.0	42.0	34.0
683611	39.0	53.0	51.0	60.0	74.0	67.0	56.0	45.0	42.0	34.0
683611	39.0	53.0	51.0	60.0	74.0	67.0	56.0	45.0	42.0	34.0
683611	39.0	53.0	51.0	60.0	74.0	67.0	56.0	45.0	42.0	34.0
683611	39.0	53.0	51.0	60.0	74.0	67.0	56.0	45.0	42.0	34.0
707449	94.0	76.0	69.0	59.0	82.0	72.0	81.0	34.0	39.0	44.0
717079	345.0	298.0	170.0	180.0	391.0	323.0	273.0	122.0	141.0	129.0
717315	165.0	251.0	174.0	149.0	188.0	108.0	290.0	169.0	72.0	92.0
722912	852.0	802.0	422.0	588.0	986.0	878.0	633.0	623.0	741.0	743.0
726999	263.0	225.0	144.0	219.0	184.0	161.0	145.0	75.0	116.0	107.0
729013	92.0	116.0	87.0	99.0	56.0	79.0	63.0	43.0	56.0	64.0
732933	397.0	494.0	363.0	539.0	517.0	329.0	304.0	127.0	82.0	100.0
748285	64.0	73.0	38.0	38.0	44.0	69.0	41.0	37.0	46.0	30.0
748285	64.0	73.0	38.0	38.0	44.0	69.0	41.0	37.0	46.0	30.0
749590	75.0	105.0	94.0	76.0	75.0	54.0	55.0	57.0	64.0	80.0
749590	75.0	105.0	94.0	76.0	75.0	54.0	55.0	57.0	64.0	80.0
758080	46.0	68.0	35.0	60.0	72.0	56.0	38.0	40.0	45.0	36.0
765359	65.0	104.0	88.0	108.0	89.0	90.0	75.0	52.0	67.0	59.0
773873	347.0	226.0	276.0	463.0	341.0	334.0	201.0	143.0	74.0	64.0
781344	165.0	139.0	224.0	151.0	381.0	150.0	56.0	99.0	69.0	71.0
789898	112.0	166.0	124.0	140.0	205.0	135.0	146.0	118.0	129.0	146.0
790321	850.0	732.0	748.0	1018.0	1310.0	604.0	600.0	516.0	441.0	432.0
806831	96.0	239.0	79.0	167.0	84.0	66.0	77.0	60.0	55.0	50.0
806831	96.0	239.0	79.0	167.0	84.0	66.0	77.0	60.0	55.0	50.0
815155	26.0	38.0	43.0	26.0	30.0	33.0	34.0	33.0	36.0	40.0
816249	32.0	38.0	37.0	28.0	28.0	27.0	30.0	32.0	40.0	31.0
826914	72.0	116.0	111.0	70.0	104.0	82.0	57.0	59.0	65.0	66.0
826914	72.0	116.0	111.0	70.0	104.0	82.0	57.0	59.0	65.0	66.0
826914	72.0	116.0	111.0	70.0	104.0	82.0	57.0	59.0	65.0	66.0
826914	72.0	116.0	111.0	70.0	104.0	82.0	57.0	59.0	65.0	66.0
826914	72.0	116.0	111.0	70.0	104.0	82.0	57.0	59.0	65.0	66.0
826914	72.0	116.0	111.0	70.0	104.0	82.0	57.0	59.0	65.0	66.0
833529	2406.0	2351.0	1561.0	2279.0	2510.0	2078.0	1929.0	1247.0	2184.0	2095.0
840425	45.0	69.0	68.0	61.0	87.0	47.0	43.0	48.0	40.0	41.0
840950	57.0	85.0	70.0	88.0	137.0	62.0	74.0	35.0	88.0	75.0
851392	76.0	77.0	47.0	95.0	75.0	52.0	59.0	33.0	52.0	33.0
851392	76.0	77.0	47.0	95.0	75.0	52.0	59.0	33.0	52.0	33.0
859602	33.0	44.0	41.0	49.0	69.0	44.0	43.0	41.0	69.0	37.0
861615	102.0	124.0	101.0	143.0	106.0	97.0	114.0	65.0	119.0	148.0
861615	102.0	124.0	101.0	143.0	106.0	97.0	114.0	65.0	119.0	148.0
863847	1175.0	952.0	802.0	998.0	1040.0	753.0	162.0	97.0	218.0	206.0
866088	152.0	298.0	141.0	171.0	245.0	123.0	171.0	210.0	172.0	135.0
866088	152.0	298.0	141.0	171.0	245.0	123.0	171.0	210.0	172.0	135.0
866088	152.0	298.0	141.0	171.0	245.0	123.0	171.0	210.0	172.0	135.0
866088	152.0	298.0	141.0	171.0	245.0	123.0	171.0	210.0	172.0	135.0
866088	152.0	298.0	141.0	171.0	245.0	123.0	171.0	210.0	172.0	135.0
866088	152.0	298.0	141.0	171.0	245.0	123.0	171.0	210.0	172.0	135.0
868774	46.0	53.0	37.0	37.0	68.0	73.0	62.0	33.0	35.0	31.0
893223	40.0	37.0	30.0	38.0	37.0	35.0	28.0	31.0	39.0	39.0
902735	163.0	149.0	117.0	124.0	78.0	78.0	84.0	84.0	88.0	65.0
907629	798.0	765.0	678.0	837.0	977.0	779.0	546.0	565.0	823.0	843.0
909393	83.0	67.0	51.0	45.0	71.0	73.0	78.0	50.0	45.0	36.0
940561	46.0	55.0	47.0	35.0	40.0	41.0	36.0	39.0	39.0	34.0
949196	44.0	53.0	69.0	26.0	65.0	32.0	69.0	37.0	42.0	34.0
964776	1761.0	1946.0	1261.0	1712.0	2005.0	1446.0	1207.0	1037.0	1715.0	1708.0
977186	155.0	249.0	149.0	188.0	241.0	234.0	46.0	41.0	131.0	137.0
980139	47.0	61.0	47.0	65.0	64.0	39.0	71.0	52.0	49.0	44.0
984143	99.0	121.0	103.0	152.0	134.0	90.0	77.0	106.0	108.0	91.0
984143	99.0	121.0	103.0	152.0	134.0	90.0	77.0	106.0	108.0	91.0
984143	99.0	121.0	103.0	152.0	134.0	90.0	77.0	106.0	108.0	91.0
984143	99.0	121.0	103.0	152.0	134.0	90.0	77.0	106.0	108.0	91.0
984143	99.0	121.0	103.0	152.0	134.0	90.0	77.0	106.0	108.0	91.0
984143	99.0	121.0	103.0	152.0	134.0	90.0	77.0	106.0	108.0	91.0
986442	1306.0	925.0	694.0	962.0	1190.0	612.0	239.0	254.0	368.0	416.0
1005112	370.0	443.0	152.0	152.0	281.0	296.0	596.0	407.0	67.0	58.0
1009451	32.0	35.0	30.0	28.0	32.0	30.0	50.0	33.0	39.0	30.0
1021075	612.0	668.0	514.0	647.0	730.0	672.0	521.0	357.0	543.0	519.0
1034015	40.0	52.0	35.0	33.0	118.0	49.0	35.0	51.0	71.0	55.0
1039533	86.0	168.0	74.0	122.0	107.0	88.0	139.0	56.0	57.0	36.0
1048181	47.0	44.0	37.0	51.0	60.0	42.0	40.0	59.0	57.0	49.0
1053336	673.0	580.0	737.0	904.0	1185.0	590.0	586.0	596.0	174.0	181.0
1071435	606.0	595.0	337.0	300.0	523.0	540.0	601.0	335.0	470.0	440.0
1075207	83.0	94.0	87.0	72.0	102.0	93.0	79.0	63.0	37.0	38.0
1075207	83.0	94.0	87.0	72.0	102.0	93.0	79.0	63.0	37.0	38.0
1075207	83.0	94.0	87.0	72.0	102.0	93.0	79.0	63.0	37.0	38.0
1075207	83.0	94.0	87.0	72.0	102.0	93.0	79.0	63.0	37.0	38.0
1075207	83.0	94.0	87.0	72.0	102.0	93.0	79.0	63.0	37.0	38.0
1075207	83.0	94.0	87.0	72.0	102.0	93.0	79.0	63.0	37.0	38.0
1081997	267.0	224.0	154.0	228.0	206.0	96.0	115.0	162.0	77.0	55.0
1097301	88.0	127.0	105.0	144.0	81.0	147.0	101.0	161.0	66.0	66.0
1097528	172.0	312.0	170.0	160.0	191.0	137.0	101.0	108.0	151.0	115.0

